City_ID,City,Country,Date,Lat,Lng,Max Temp,Humidity,Cloudiness,Wind Speed,Current Description
0,Port Hueneme,US,2022-07-22 02:17:40,34.1478,-119.1951,89.24,73,0,11.5,clear sky
1,Simbahan,PH,2022-07-22 02:14:47,6.3032,120.5836,82.67,74,45,2.95,scattered clouds
2,Albany,US,2022-07-22 02:09:37,42.6001,-73.9662,79.45,80,0,3.65,clear sky
3,Komsomolskiy,UZ,2022-07-22 02:09:19,40.4272,71.7189,83.12,30,0,9.22,clear sky
4,Lewistown,US,2022-07-22 02:17:41,40.5992,-77.5714,75.72,100,100,3.44,overcast clouds
5,Cape Town,ZA,2022-07-22 02:07:06,-33.9258,18.4232,57.38,82,100,1.01,overcast clouds
6,Puerto Ayora,EC,2022-07-22 02:10:13,-0.7393,-90.3518,68.56,95,69,5.01,broken clouds
7,Vaini,TO,2022-07-22 02:09:49,-21.2,-175.2,74.05,76,43,11.81,scattered clouds
8,Bredasdorp,ZA,2022-07-22 02:10:00,-34.5322,20.0403,46.96,83,100,4.54,overcast clouds
9,Chimore,BO,2022-07-22 02:17:41,-16.9833,-65.1333,74.16,69,100,2.33,overcast clouds
10,Upernavik,GL,2022-07-22 02:09:48,72.7868,-56.1549,44.11,97,100,22.21,light rain
11,Lerwick,GB,2022-07-22 02:17:42,60.1545,-1.1494,50.0,87,68,8.97,broken clouds
12,Berlevag,NO,2022-07-22 02:11:04,70.8578,29.0864,55.35,88,100,17.27,light intensity drizzle
13,Bluff,NZ,2022-07-22 02:09:36,-46.6,168.3333,43.81,71,99,7.72,overcast clouds
14,Avera,US,2022-07-22 02:06:50,33.194,-82.5271,80.11,82,95,7.63,overcast clouds
15,Christchurch,NZ,2022-07-22 02:11:37,-43.5333,172.6333,50.41,71,75,11.5,broken clouds
16,Sobolevo,RU,2022-07-22 02:10:39,54.4299,31.8996,52.57,95,0,7.83,clear sky
17,Tasiilaq,GL,2022-07-22 02:10:00,65.6145,-37.6368,32.16,82,84,0.67,broken clouds
18,Carnarvon,AU,2022-07-22 02:09:54,-24.8667,113.6333,64.2,60,0,19.06,clear sky
19,Krasnogorsk,RU,2022-07-22 02:17:43,55.8225,37.3181,62.65,88,0,11.18,clear sky
20,Butaritari,KI,2022-07-22 02:10:06,3.0707,172.7902,81.14,77,29,6.87,light rain
21,Saskylakh,RU,2022-07-22 02:09:41,71.9167,114.0833,54.36,60,100,7.72,overcast clouds
22,Ancud,CL,2022-07-22 02:10:13,-41.8697,-73.8203,40.23,94,100,7.09,light rain
23,Split,HR,2022-07-22 02:17:43,43.5089,16.4392,74.84,68,0,2.3,clear sky
24,Shatrovo,RU,2022-07-22 02:17:44,56.5167,64.6333,58.41,87,26,7.61,scattered clouds
25,Castro,BR,2022-07-22 02:10:02,-24.7911,-50.0119,59.2,85,100,1.95,overcast clouds
26,Dasoguz,TM,2022-07-22 02:17:44,41.8363,59.9666,85.95,35,0,4.61,clear sky
27,Pisco,PE,2022-07-22 02:05:29,-13.7,-76.2167,62.65,77,100,2.3,overcast clouds
28,Kaliua,TZ,2022-07-22 02:17:45,-5.0606,31.7936,62.71,56,8,6.98,clear sky
29,Punta Arenas,CL,2022-07-22 02:17:24,-53.15,-70.9167,32.11,86,20,17.27,few clouds
30,Chuy,UY,2022-07-22 02:13:52,-33.6971,-53.4616,50.81,90,98,5.91,overcast clouds
31,Pahalgam,IN,2022-07-22 02:17:45,34.0333,75.3333,64.58,83,100,1.23,overcast clouds
32,Mataura,NZ,2022-07-22 02:09:49,-46.1927,168.8643,43.48,88,100,2.35,overcast clouds
33,Wattegama,LK,2022-07-22 02:17:45,6.7989,81.4808,76.75,84,95,4.27,overcast clouds
34,Narsaq,GL,2022-07-22 02:10:29,60.9167,-46.05,50.22,79,3,2.64,clear sky
35,Luderitz,NA,2022-07-22 02:07:57,-26.6481,15.1594,61.0,55,0,8.03,clear sky
36,Inuvik,CA,2022-07-22 02:17:46,68.3499,-133.7218,68.86,56,75,5.75,broken clouds
37,Kichmengskiy Gorodok,RU,2022-07-22 02:17:46,59.9816,45.7854,59.02,89,75,4.14,broken clouds
38,Lebu,CL,2022-07-22 02:06:43,-37.6167,-73.65,51.96,91,100,14.09,overcast clouds
39,Lagoa,PT,2022-07-22 02:10:05,39.05,-27.9833,70.93,91,100,5.66,overcast clouds
40,Panaba,MX,2022-07-22 02:17:47,21.2833,-88.2667,78.17,86,100,7.96,overcast clouds
41,Santa Marta,CO,2022-07-22 02:17:47,11.2408,-74.199,80.65,83,75,4.61,broken clouds
42,Sibu,MY,2022-07-22 02:17:48,2.3,111.8167,82.71,78,20,3.44,few clouds
43,Buin,CL,2022-07-22 02:14:27,-33.7333,-70.75,63.88,60,0,3.58,clear sky
44,Pangnirtung,CA,2022-07-22 02:17:48,66.1451,-65.7125,43.7,92,38,1.28,scattered clouds
45,Dikson,RU,2022-07-22 02:10:25,73.5069,80.5464,47.95,87,51,13.56,broken clouds
46,Busselton,AU,2022-07-22 02:13:19,-33.65,115.3333,61.2,79,98,10.65,overcast clouds
47,Garavuti,TJ,2022-07-22 02:17:48,37.5672,68.4469,83.05,20,0,2.59,clear sky
48,Hobart,AU,2022-07-22 02:08:15,-42.8794,147.3294,53.46,64,20,10.36,few clouds
49,Namasuba,UG,2022-07-22 02:17:49,0.6894,32.4214,60.08,95,95,1.1,light rain
50,Fairbanks,US,2022-07-22 02:11:52,64.8378,-147.7164,68.34,62,75,9.22,light rain
51,Rikitea,PF,2022-07-22 02:09:32,-23.1203,-134.9692,74.43,82,99,24.9,light rain
52,Nemuro,JP,2022-07-22 02:17:49,43.3236,145.575,61.68,82,0,2.48,clear sky
53,Abnub,EG,2022-07-22 02:17:50,27.2696,31.1511,79.23,40,2,10.8,clear sky
54,Sao Paulo Do Potengi,BR,2022-07-22 02:17:50,-5.895,-35.7628,71.71,95,100,6.73,light rain
55,Thompson,CA,2022-07-22 02:06:37,55.7435,-97.8558,56.37,89,100,3.87,overcast clouds
56,Loa Janan,ID,2022-07-22 02:17:50,-0.583,117.095,81.63,87,28,1.63,scattered clouds
57,La Palma,US,2022-07-22 02:16:00,33.8464,-118.0467,87.66,67,75,9.22,broken clouds
58,Kapaa,US,2022-07-22 02:06:46,22.0752,-159.319,85.98,71,40,17.27,scattered clouds
59,Bethel,US,2022-07-22 02:10:10,41.3712,-73.414,81.34,83,41,3.91,scattered clouds
60,Qaanaaq,GL,2022-07-22 02:06:43,77.484,-69.3632,43.68,96,100,8.5,moderate rain
61,Tokur,RU,2022-07-22 02:15:13,53.1333,132.9,62.26,70,71,6.22,broken clouds
62,Sakakah,SA,2022-07-22 02:16:00,29.9697,40.2064,87.37,20,1,5.5,clear sky
63,Petauke,ZM,2022-07-22 02:17:51,-14.2426,31.3253,60.71,65,47,7.81,scattered clouds
64,Flinders,AU,2022-07-22 02:12:19,-34.5833,150.8552,61.38,85,71,4.0,light rain
65,Fellbach,DE,2022-07-22 02:17:52,48.8091,9.277,63.59,89,0,1.14,clear sky
66,Sangar,RU,2022-07-22 02:17:52,63.9242,127.4739,67.41,78,88,2.73,overcast clouds
67,Tura,IN,2022-07-22 02:09:45,25.5198,90.2201,80.2,89,99,2.04,moderate rain
68,Saint-Philippe,RE,2022-07-22 02:17:53,-21.3585,55.7679,65.21,71,27,11.07,scattered clouds
69,Saint George,US,2022-07-22 02:09:44,37.1041,-113.5841,107.64,11,0,13.8,clear sky
70,Port Moresby,PG,2022-07-22 02:11:37,-9.4431,147.1797,81.95,74,17,4.34,few clouds
71,Chokurdakh,RU,2022-07-22 02:10:33,70.6333,147.9167,59.85,27,77,6.17,broken clouds
72,Anqing,CN,2022-07-22 02:17:53,30.5092,117.0506,90.61,67,52,6.62,broken clouds
73,Santa Cruz De La Palma,ES,2022-07-22 02:14:44,28.6835,-17.7642,71.74,83,40,18.41,scattered clouds
74,New Norfolk,AU,2022-07-22 02:10:23,-42.7826,147.0587,53.1,76,2,1.99,clear sky
75,Lensk,RU,2022-07-22 02:17:54,60.7253,114.9278,74.97,54,12,2.37,few clouds
76,Iqaluit,CA,2022-07-22 02:11:35,63.7506,-68.5145,41.7,93,72,6.06,broken clouds
77,Gimli,CA,2022-07-22 02:17:54,50.6336,-96.9907,67.06,78,64,12.28,broken clouds
78,Port Elizabeth,ZA,2022-07-22 02:09:34,-33.918,25.5701,53.51,81,99,7.99,overcast clouds
79,Xining,CN,2022-07-22 02:17:55,36.6167,101.7667,56.84,65,0,2.35,clear sky
80,Ushuaia,AR,2022-07-22 02:06:21,-54.8,-68.3,29.86,93,100,31.07,snow
81,Veraval,IN,2022-07-22 02:11:04,20.9,70.3667,81.18,82,100,15.03,overcast clouds
82,Tiksi,RU,2022-07-22 02:09:46,71.6872,128.8694,45.09,77,63,7.78,broken clouds
83,Bacolod,PH,2022-07-22 02:17:56,10.6667,122.95,85.87,72,46,1.45,scattered clouds
84,Skibbereen,IE,2022-07-22 02:10:12,51.55,-9.2667,53.11,87,19,2.82,few clouds
85,Dingle,PH,2022-07-22 02:10:14,10.9995,122.6711,86.11,74,41,8.3,scattered clouds
86,Villa Carlos Paz,AR,2022-07-22 02:17:56,-31.4241,-64.4978,50.4,10,1,3.0,clear sky
87,Ilulissat,GL,2022-07-22 02:06:44,69.2167,-51.1,50.02,87,75,3.44,broken clouds
88,Pitimbu,BR,2022-07-22 02:17:57,-7.4706,-34.8086,72.19,86,100,6.46,overcast clouds
89,Kavaratti,IN,2022-07-22 02:06:51,10.5669,72.642,81.0,80,100,21.23,overcast clouds
90,Merauke,ID,2022-07-22 02:15:21,-8.4667,140.3333,79.5,73,53,10.56,broken clouds
91,Klaksvik,FO,2022-07-22 02:13:27,62.2266,-6.589,45.52,86,99,6.08,overcast clouds
92,Vostok,RU,2022-07-22 02:12:45,46.4856,135.8833,62.94,95,100,2.55,overcast clouds
93,Saldanha,ZA,2022-07-22 02:07:54,-33.0117,17.9442,53.67,80,100,8.03,overcast clouds
94,Exeter,GB,2022-07-22 02:17:57,50.7236,-3.5275,60.94,84,40,4.61,scattered clouds
95,Tuatapere,NZ,2022-07-22 02:15:19,-46.1333,167.6833,44.22,92,100,3.13,overcast clouds
96,Pergamino,AR,2022-07-22 02:17:58,-33.89,-60.5736,50.49,73,61,7.14,broken clouds
97,Le Port,RE,2022-07-22 02:17:58,-20.9373,55.2919,67.96,68,13,8.97,few clouds
98,Mar Del Plata,AR,2022-07-22 02:04:55,-38.0023,-57.5575,49.08,66,97,5.99,overcast clouds
99,Arraial Do Cabo,BR,2022-07-22 02:10:01,-22.9661,-42.0278,70.83,84,3,15.01,clear sky
100,Meulaboh,ID,2022-07-22 02:11:17,4.1363,96.1285,82.29,69,61,3.4,broken clouds
101,Georgetown,MY,2022-07-22 02:06:39,5.4112,100.3354,85.93,79,20,5.75,few clouds
102,Nanchang,CN,2022-07-22 02:17:59,28.6833,115.8833,93.47,56,47,8.81,scattered clouds
103,Port Alfred,ZA,2022-07-22 02:09:35,-33.5906,26.891,56.59,81,3,9.4,clear sky
104,Barrow,US,2022-07-22 02:10:01,71.2906,-156.7887,44.62,76,75,25.32,broken clouds
105,Peruibe,BR,2022-07-22 02:13:36,-24.32,-46.9983,64.31,95,34,3.15,scattered clouds
106,Simao,CN,2022-07-22 02:17:59,22.7886,100.9748,74.62,72,100,3.38,overcast clouds
107,Senneterre,CA,2022-07-22 02:17:59,48.3835,-77.2328,60.1,95,100,8.72,overcast clouds
108,Bonavista,CA,2022-07-22 02:09:28,48.6499,-53.1147,55.87,93,90,3.22,overcast clouds
109,Ostrovnoy,RU,2022-07-22 02:12:44,68.0531,39.5131,59.83,84,61,6.67,broken clouds
110,Port Macquarie,AU,2022-07-22 02:14:40,-31.4333,152.9167,60.89,81,96,15.43,overcast clouds
111,Takoradi,GH,2022-07-22 02:18:00,4.8845,-1.7554,73.02,78,20,6.93,few clouds
112,Strezhevoy,RU,2022-07-22 02:15:59,60.7333,77.5889,53.53,95,100,6.78,light rain
113,Poum,NC,2022-07-22 02:11:41,-20.2333,164.0167,77.9,80,100,18.54,overcast clouds
114,Jose Bonifacio,BR,2022-07-22 02:18:00,-21.0528,-49.6883,74.46,43,2,6.91,clear sky
115,Lima,PE,2022-07-22 02:11:35,-12.0432,-77.0282,57.45,82,100,12.66,overcast clouds
116,Provideniya,RU,2022-07-22 02:10:38,64.3833,-173.3,46.36,81,75,27.0,broken clouds
117,Nikolskoye,RU,2022-07-22 02:09:32,59.7035,30.7861,62.8,94,3,3.96,clear sky
118,Beringovskiy,RU,2022-07-22 02:10:59,63.05,179.3167,50.74,65,63,6.82,broken clouds
119,Katsuura,JP,2022-07-22 02:09:18,35.1333,140.3,84.22,86,54,17.09,broken clouds
120,Chengde,CN,2022-07-22 02:15:57,40.9725,117.9361,84.09,49,67,2.93,light rain
121,Burnie,AU,2022-07-22 02:10:52,-41.0667,145.9167,55.92,85,89,12.33,overcast clouds
122,Bungu,TZ,2022-07-22 02:18:01,-7.6337,39.0582,64.08,95,5,2.8,clear sky
123,Maceio,BR,2022-07-22 02:13:53,-9.6658,-35.7353,76.44,88,75,3.44,broken clouds
124,Zeya,RU,2022-07-22 02:18:02,53.75,127.2667,80.85,44,3,3.09,clear sky
125,Praia,CV,2022-07-22 02:18:02,14.9215,-23.5087,77.54,78,75,6.91,broken clouds
126,San Quintin,MX,2022-07-22 02:15:47,30.4833,-115.95,75.13,61,66,17.56,broken clouds
127,Muros,ES,2022-07-22 02:09:21,42.7762,-9.0603,67.68,81,100,14.18,overcast clouds
128,Antalaha,MG,2022-07-22 02:14:58,-14.9003,50.2788,67.08,89,78,8.08,light rain
129,Hrubieszow,PL,2022-07-22 02:18:03,50.805,23.8925,61.9,86,0,2.57,clear sky
130,Longyearbyen,SJ,2022-07-22 02:10:43,78.2186,15.6401,49.84,87,75,2.3,broken clouds
131,Yaan,NG,2022-07-22 02:15:34,7.3833,8.5667,70.39,96,81,6.2,broken clouds
132,Vao,NC,2022-07-22 02:10:36,-22.6667,167.4833,74.01,89,100,17.87,overcast clouds
133,Airai,TL,2022-07-22 02:08:01,-8.9266,125.4092,68.72,40,42,4.41,scattered clouds
134,Panguna,PG,2022-07-22 02:18:04,-6.3164,155.4848,83.28,48,39,3.74,scattered clouds
135,Ewa Beach,US,2022-07-22 02:18:04,21.3156,-158.0072,87.75,54,40,19.57,scattered clouds
136,Laguna,US,2022-07-22 02:13:44,38.421,-121.4238,101.44,28,0,11.5,clear sky
137,Avarua,CK,2022-07-22 02:10:24,-21.2078,-159.775,75.25,69,75,19.57,broken clouds
138,Aswan,EG,2022-07-22 02:18:05,24.0934,32.907,84.24,19,0,10.56,clear sky
139,Vilyuysk,RU,2022-07-22 02:18:05,63.7553,121.6247,57.38,89,100,6.35,overcast clouds
140,Challapata,BO,2022-07-22 02:18:05,-18.9,-66.7667,46.35,15,46,6.29,scattered clouds
141,Tilichiki,RU,2022-07-22 02:18:06,60.4667,166.1,64.24,44,1,2.77,clear sky
142,Nyurba,RU,2022-07-22 02:15:23,63.2842,118.3319,68.99,65,8,5.28,clear sky
143,Cockburn Town,TC,2022-07-22 02:12:28,21.4612,-71.1419,82.18,83,8,20.58,clear sky
144,Diffa,NE,2022-07-22 02:13:18,13.3154,12.6113,80.24,62,100,3.06,overcast clouds
145,Ponta Do Sol,PT,2022-07-22 02:10:21,32.6667,-17.1,70.72,81,7,7.18,clear sky
146,Marivan,IR,2022-07-22 02:18:06,35.5219,46.176,71.11,29,0,3.36,clear sky
147,Ayagoz,KZ,2022-07-22 02:18:07,47.9714,80.4392,74.19,41,55,5.5,broken clouds
148,Nanortalik,GL,2022-07-22 02:12:15,60.1432,-45.2371,48.69,80,4,4.9,clear sky
149,Valdivia,CL,2022-07-22 02:18:07,-39.8142,-73.2459,48.29,98,100,6.44,overcast clouds
150,Khurba,RU,2022-07-22 02:18:08,50.4072,136.8819,60.1,86,97,14.5,overcast clouds
151,Uchiza,PE,2022-07-22 02:18:08,-8.4592,-76.4633,72.12,83,98,2.77,overcast clouds
152,Amaigbo,NG,2022-07-22 02:18:08,5.7892,7.8383,72.45,96,98,3.51,overcast clouds
153,Moussoro,TD,2022-07-22 02:18:09,13.6408,16.4901,84.81,59,100,5.68,overcast clouds
154,Cayenne,GF,2022-07-22 02:10:31,4.9333,-52.3333,80.1,1,56,2.3,broken clouds
155,Litovko,RU,2022-07-22 02:11:27,49.2361,135.1742,68.31,76,85,13.02,overcast clouds
156,Hargeysa,SO,2022-07-22 02:18:09,9.56,44.065,68.07,54,34,30.04,scattered clouds
157,Linkou,CN,2022-07-22 02:18:10,45.3,130.2833,70.75,85,79,8.72,broken clouds
158,Lebyazhye,RU,2022-07-22 02:18:10,55.2689,66.4947,59.86,91,98,9.98,overcast clouds
159,Oriximina,BR,2022-07-22 02:18:10,-1.7656,-55.8661,74.17,91,73,3.58,broken clouds
160,Cartagena,CO,2022-07-22 02:15:06,10.3997,-75.5144,80.22,89,20,9.22,few clouds
161,Baiao,BR,2022-07-22 02:18:11,-2.7906,-49.6717,79.02,64,98,2.26,overcast clouds
162,Chake Chake,TZ,2022-07-22 02:09:57,-5.2459,39.7666,73.78,74,30,11.48,scattered clouds
163,Stykkisholmur,IS,2022-07-22 02:18:11,65.0757,-22.7297,52.95,82,98,2.93,overcast clouds
164,Te Anau,NZ,2022-07-22 02:14:56,-45.4167,167.7167,44.46,85,60,1.14,broken clouds
165,Buraydah,SA,2022-07-22 02:10:14,26.326,43.975,86.34,14,52,4.32,broken clouds
166,Kununurra,AU,2022-07-22 02:12:26,-15.7667,128.7333,82.38,17,0,9.22,clear sky
167,Hilo,US,2022-07-22 02:06:44,19.7297,-155.09,83.28,81,100,8.05,overcast clouds
168,Yulara,AU,2022-07-22 02:09:50,-25.2406,130.9889,66.58,23,0,6.38,clear sky
169,Salaga,GH,2022-07-22 02:18:12,8.5508,-0.5188,72.73,84,67,4.47,broken clouds
170,Jamestown,US,2022-07-22 02:06:43,42.097,-79.2353,76.59,77,0,9.22,clear sky
171,Fort Nelson,CA,2022-07-22 02:12:54,58.8053,-122.7002,61.45,54,95,4.85,overcast clouds
172,Hermanus,ZA,2022-07-22 02:10:18,-34.4187,19.2345,52.75,70,100,4.29,overcast clouds
173,Mahebourg,MU,2022-07-22 02:06:39,-20.4081,57.7,70.25,68,75,16.98,broken clouds
174,Chauk,MM,2022-07-22 02:18:13,20.8833,94.8167,85.21,70,100,6.82,overcast clouds
175,Isangel,VU,2022-07-22 02:11:23,-19.55,169.2667,81.09,65,17,13.53,few clouds
176,Srednekolymsk,RU,2022-07-22 02:12:07,67.45,153.6833,59.29,35,3,6.62,clear sky
177,Torbay,CA,2022-07-22 02:09:48,47.6666,-52.7314,61.75,86,14,4.12,few clouds
178,Yellowknife,CA,2022-07-22 02:06:14,62.456,-114.3525,57.54,66,100,5.12,overcast clouds
179,Kruisfontein,ZA,2022-07-22 02:12:21,-34.0033,24.7314,49.19,76,100,6.35,overcast clouds
180,Mackenzie,CA,2022-07-22 02:18:13,55.2999,-123.1698,73.62,31,20,6.91,few clouds
181,Salisbury,GB,2022-07-22 02:13:22,51.0693,-1.7957,65.68,84,100,6.67,overcast clouds
182,Roald,NO,2022-07-22 02:18:14,62.5833,6.1333,56.16,87,75,3.44,broken clouds
183,Taoudenni,ML,2022-07-22 02:11:09,22.6783,-3.9836,90.55,40,14,6.71,few clouds
184,Maldonado,UY,2022-07-22 02:12:20,-34.6667,-54.9167,46.22,93,100,4.47,overcast clouds
185,Atuona,PF,2022-07-22 02:09:36,-9.8,-139.0333,77.36,71,3,15.05,clear sky
186,Hamilton,US,2022-07-22 02:10:17,39.1834,-84.5333,79.86,71,0,5.75,clear sky
187,Portland,US,2022-07-22 02:09:15,45.5234,-122.6762,86.0,55,20,10.36,few clouds
188,Bambanglipuro,ID,2022-07-22 02:14:53,-7.95,110.2833,79.93,70,99,14.34,overcast clouds
189,Kaitangata,NZ,2022-07-22 02:11:21,-46.2817,169.8464,44.98,84,100,1.77,overcast clouds
190,Douglas,US,2022-07-22 02:14:57,41.3,-96.167,82.74,52,0,5.75,clear sky
191,Ahipara,NZ,2022-07-22 02:13:00,-35.1667,173.1667,59.34,62,100,7.52,overcast clouds
192,Tuktoyaktuk,CA,2022-07-22 02:10:32,69.4541,-133.0374,58.96,67,53,8.41,broken clouds
193,Wetaskiwin,CA,2022-07-22 02:18:15,52.9668,-113.3687,72.88,71,92,3.06,overcast clouds
194,Barabinsk,RU,2022-07-22 02:18:15,55.3571,78.357,59.13,91,85,11.86,overcast clouds
195,Ribeira Grande,PT,2022-07-22 02:09:45,38.5167,-28.7,72.54,88,38,2.82,scattered clouds
196,Kodiak,US,2022-07-22 02:09:34,57.79,-152.4072,54.91,82,100,5.75,overcast clouds
197,Antsohihy,MG,2022-07-22 02:10:33,-14.8796,47.9875,68.43,62,0,9.1,clear sky
198,Zholymbet,KZ,2022-07-22 02:18:16,51.7433,71.7122,63.88,62,0,12.08,clear sky
199,Hithadhoo,MV,2022-07-22 02:09:58,-0.6,73.0833,78.17,85,100,13.13,overcast clouds
200,Kiama,AU,2022-07-22 02:16:08,-34.6833,150.8667,63.57,85,71,1.99,broken clouds
201,East London,ZA,2022-07-22 02:10:24,-33.0153,27.9116,57.18,78,0,8.32,clear sky
202,Lekoni,GA,2022-07-22 02:18:17,-1.5843,14.2591,74.37,73,64,6.69,broken clouds
203,Angoram,PG,2022-07-22 02:18:17,-4.0625,144.0661,89.28,56,99,2.35,overcast clouds
204,Black River,JM,2022-07-22 02:18:17,18.0264,-77.8487,80.44,76,8,5.59,clear sky
205,Lompoc,US,2022-07-22 02:10:56,34.6391,-120.4579,65.84,84,100,15.99,mist
206,Souillac,MU,2022-07-22 02:10:23,-20.5167,57.5167,69.75,69,29,14.05,scattered clouds
207,Ranong,TH,2022-07-22 02:18:18,9.9658,98.6348,75.13,80,100,3.29,light rain
208,Alice Springs,AU,2022-07-22 02:14:51,-23.7,133.8833,67.55,22,0,4.61,clear sky
209,Urumqi,CN,2022-07-22 02:12:30,43.801,87.6005,81.55,20,0,4.47,clear sky
210,Araouane,ML,2022-07-22 02:15:43,18.9048,-3.5265,90.81,41,28,6.08,scattered clouds
211,Mahibadhoo,MV,2022-07-22 02:18:18,3.7833,72.9667,82.81,74,95,22.17,overcast clouds
212,Padang,ID,2022-07-22 02:13:05,-0.9492,100.3543,78.85,71,81,1.23,broken clouds
213,Kirakira,SB,2022-07-22 02:10:48,-10.4544,161.9205,84.45,70,100,5.1,overcast clouds
214,Atar,MR,2022-07-22 02:18:19,20.5169,-13.0499,89.82,38,4,4.94,clear sky
215,Solnechnyy,RU,2022-07-22 02:11:42,50.7214,136.6319,55.44,94,100,7.65,overcast clouds
216,Senaki,GE,2022-07-22 02:18:19,42.2704,42.0675,66.29,98,100,4.23,overcast clouds
217,Pacific Grove,US,2022-07-22 02:11:29,36.6177,-121.9166,73.24,85,40,9.22,scattered clouds
218,Luganville,VU,2022-07-22 02:18:20,-15.5333,167.1667,82.8,73,61,6.91,broken clouds
219,Sokoni,TZ,2022-07-22 02:18:20,-6.4333,39.55,75.43,72,2,14.92,clear sky
220,Nome,US,2022-07-22 02:16:02,64.5011,-165.4064,50.07,81,100,13.8,overcast clouds
221,Richmond,US,2022-07-22 02:18:13,37.5538,-77.4603,79.99,86,75,6.91,broken clouds
222,Laurel,US,2022-07-22 02:09:22,39.0993,-76.8483,84.38,86,40,3.44,scattered clouds
223,Tulum,MX,2022-07-22 02:18:21,20.2167,-87.4667,79.74,83,5,5.82,clear sky
224,Kavieng,PG,2022-07-22 02:06:42,-2.5744,150.7967,82.4,76,100,11.1,light rain
225,Jashpurnagar,IN,2022-07-22 02:18:22,22.9,84.15,77.25,80,100,3.04,overcast clouds
226,Khatanga,RU,2022-07-22 02:10:05,71.9667,102.5,59.16,60,100,10.56,overcast clouds
227,Moroni,KM,2022-07-22 02:15:44,-11.7022,43.2551,73.44,72,7,7.34,clear sky
228,Saint-Augustin,CA,2022-07-22 02:09:43,51.226,-58.6502,62.73,65,96,6.2,overcast clouds
229,Rafai,CF,2022-07-22 02:18:22,4.95,23.9167,68.43,100,100,1.88,light rain
230,Sao Filipe,CV,2022-07-22 02:10:12,14.8961,-24.4956,74.03,89,80,5.53,broken clouds
231,Pechenga,RU,2022-07-22 02:18:23,69.5259,31.1703,58.59,93,100,7.14,overcast clouds
232,Coihaique,CL,2022-07-22 02:11:53,-45.5752,-72.0662,26.55,93,20,0.0,few clouds
233,Namatanai,PG,2022-07-22 02:10:06,-3.6667,152.4333,84.47,69,96,5.68,overcast clouds
234,Hambantota,LK,2022-07-22 02:11:33,6.1241,81.1185,79.61,80,100,17.69,overcast clouds
235,Crepaja,RS,2022-07-22 02:18:23,45.0094,20.6356,70.92,44,6,3.56,clear sky
236,Umm Kaddadah,SD,2022-07-22 02:18:24,13.6017,26.6876,76.46,58,70,7.05,broken clouds
237,San Borja,BO,2022-07-22 02:18:24,-14.8167,-66.85,71.65,65,9,2.42,clear sky
238,Guerrero Negro,MX,2022-07-22 02:05:24,27.9769,-114.0611,69.73,77,0,20.07,clear sky
239,Victoria,HK,2022-07-22 02:07:52,22.2855,114.1577,91.26,74,0,5.01,clear sky
240,Santa Fe,AR,2022-07-22 02:09:47,-31.6333,-60.7,59.02,84,100,4.0,light rain
241,Khasan,RU,2022-07-22 02:18:25,42.4308,130.6434,68.32,94,100,7.83,overcast clouds
242,Treinta Y Tres,UY,2022-07-22 02:18:25,-33.2333,-54.3833,51.15,88,100,8.43,moderate rain
243,Kulhudhuffushi,MV,2022-07-22 02:15:02,6.6221,73.07,81.45,78,95,18.72,overcast clouds
244,Evensk,RU,2022-07-22 02:12:19,61.95,159.2333,66.96,41,2,2.06,clear sky
245,Puerto Cabezas,NI,2022-07-22 02:18:26,14.0351,-83.3888,78.03,89,88,11.01,overcast clouds
246,Swellendam,ZA,2022-07-22 02:18:26,-34.0226,20.4417,49.33,59,100,3.62,overcast clouds
247,Asau,RO,2022-07-22 02:18:26,46.4333,26.4,60.28,52,0,5.23,clear sky
248,Caravelas,BR,2022-07-22 02:13:18,-17.7125,-39.2481,69.96,90,11,6.31,few clouds
249,Faanui,PF,2022-07-22 02:11:06,-16.4833,-151.75,77.27,74,13,10.0,few clouds
250,Kemijarvi,FI,2022-07-22 02:18:27,66.7131,27.4306,60.26,98,100,0.89,overcast clouds
251,Sorland,NO,2022-07-22 02:13:45,67.667,12.6934,51.66,90,100,21.03,overcast clouds
252,Baruun-Urt,MN,2022-07-22 02:12:10,46.6806,113.2792,83.14,32,100,12.41,overcast clouds
253,Port Blair,IN,2022-07-22 02:10:49,11.6667,92.75,80.46,82,100,5.46,overcast clouds
254,Cherskiy,RU,2022-07-22 02:14:16,68.75,161.3,47.52,38,99,12.48,overcast clouds
255,Los Llanos De Aridane,ES,2022-07-22 02:11:08,28.6585,-17.9182,67.75,83,75,16.11,broken clouds
256,Okhotsk,RU,2022-07-22 02:18:28,59.3833,143.3,64.69,76,97,7.11,overcast clouds
257,Belo Horizonte,BR,2022-07-22 02:18:28,-19.9208,-43.9378,63.95,67,0,0.0,clear sky
258,Bambous Virieux,MU,2022-07-22 02:11:49,-20.3428,57.7575,70.21,69,89,17.22,overcast clouds
259,Codrington,AU,2022-07-22 02:10:45,-38.2667,141.9667,57.56,69,100,14.0,overcast clouds
260,Hofn,IS,2022-07-22 02:11:10,64.2539,-15.2082,52.41,79,15,3.76,few clouds
261,Teahupoo,PF,2022-07-22 02:18:29,-17.8333,-149.2667,73.36,79,21,13.76,light rain
262,Vardo,NO,2022-07-22 02:11:34,70.3705,31.1107,58.98,94,100,9.22,overcast clouds
263,Tammisaari,FI,2022-07-22 02:18:29,59.9736,23.4339,63.9,97,75,7.63,broken clouds
264,Buala,SB,2022-07-22 02:18:30,-8.145,159.5921,85.64,67,89,2.95,light rain
265,Mao,ES,2022-07-22 02:18:30,39.8885,4.2658,72.16,88,0,3.44,clear sky
266,Humberto De Campos,BR,2022-07-22 02:18:30,-2.5983,-43.4611,74.35,87,9,4.23,clear sky
267,Belaya Gora,RU,2022-07-22 02:18:31,68.5333,146.4167,64.27,34,0,10.2,clear sky
268,Itarema,BR,2022-07-22 02:11:45,-2.9248,-39.9167,77.41,78,77,12.84,broken clouds
269,Ponta Delgada,PT,2022-07-22 02:10:54,37.7333,-25.6667,70.5,88,20,3.44,few clouds
270,Margate,GB,2022-07-22 02:13:44,51.3813,1.3862,63.3,80,16,4.0,few clouds
271,The Valley,AI,2022-07-22 02:13:46,18.217,-63.0578,82.09,77,95,19.98,overcast clouds
272,Winnemucca,US,2022-07-22 02:13:38,40.973,-117.7357,96.85,5,0,13.8,clear sky
273,Worland,US,2022-07-22 02:15:22,44.0169,-107.9554,91.67,24,0,5.75,clear sky
274,Severodvinsk,RU,2022-07-22 02:18:31,64.5635,39.8302,57.31,85,99,1.83,overcast clouds
275,Nantucket,US,2022-07-22 02:16:58,41.2835,-70.0995,78.91,94,100,6.91,mist
276,Jumla,NP,2022-07-22 02:18:32,29.2747,82.1838,66.22,88,100,0.94,overcast clouds
277,Shahreza,IR,2022-07-22 02:17:09,32.0339,51.8794,74.3,29,5,3.24,clear sky
278,Bengkulu,ID,2022-07-22 02:06:36,-3.8004,102.2655,80.1,79,84,3.42,broken clouds
279,Palmer,US,2022-07-22 02:07:13,42.1584,-72.3287,81.32,74,3,2.17,clear sky
280,Calama,CL,2022-07-22 02:14:29,-22.4667,-68.9333,46.89,18,92,13.8,overcast clouds
281,Rawson,AR,2022-07-22 02:11:13,-43.3002,-65.1023,42.46,47,100,9.48,overcast clouds
282,Malindi,KE,2022-07-22 02:12:12,-3.2175,40.1191,74.35,78,3,17.69,clear sky
283,Roebourne,AU,2022-07-22 02:18:33,-20.7833,117.1333,76.24,58,0,4.45,clear sky
284,Faya,SA,2022-07-22 02:13:33,18.3851,42.4509,63.12,48,21,6.31,few clouds
285,Necochea,AR,2022-07-22 02:12:41,-38.5473,-58.7368,46.36,39,100,5.59,overcast clouds
286,Mundo Nuevo,MX,2022-07-22 02:12:11,18.7,-95.5,82.4,79,15,11.74,few clouds
287,Great Falls,US,2022-07-22 02:18:33,47.5002,-111.3008,88.25,12,0,12.66,clear sky
288,Santa Maria,BR,2022-07-22 02:18:33,-29.6842,-53.8069,66.94,88,100,4.0,overcast clouds
289,Nouadhibou,MR,2022-07-22 02:14:14,20.931,-17.0347,68.9,95,6,10.74,clear sky
290,Quatre Cocos,MU,2022-07-22 02:18:34,-20.2078,57.7625,69.91,70,82,17.54,broken clouds
291,Pathein,MM,2022-07-22 02:18:34,16.7833,94.7333,75.83,96,100,6.22,moderate rain
292,Hlotse,LS,2022-07-22 02:18:35,-28.8718,28.045,42.35,60,0,2.89,clear sky
293,Skuodas,LT,2022-07-22 02:18:35,56.2667,21.5333,67.86,60,8,4.63,clear sky
294,Zyryanka,RU,2022-07-22 02:14:33,65.75,150.85,64.29,41,6,0.63,clear sky
295,Kyrylivka,UA,2022-07-22 02:18:35,46.3759,35.3675,69.08,61,1,10.89,clear sky
296,Sargur,IN,2022-07-22 02:18:36,11.9833,76.4167,70.77,93,100,5.06,overcast clouds
297,Sari,IR,2022-07-22 02:18:36,36.5633,53.0601,78.3,92,100,4.94,light rain
298,Ambon,ID,2022-07-22 02:10:43,-3.6954,128.1814,80.74,78,40,6.91,scattered clouds
299,Vila Franca Do Campo,PT,2022-07-22 02:12:07,37.7167,-25.4333,70.2,83,38,2.55,scattered clouds
300,Labuhan,ID,2022-07-22 02:18:36,-6.8844,112.2051,81.57,68,100,8.86,overcast clouds
301,Rehoboth,NA,2022-07-22 02:18:37,-23.3167,17.0833,47.97,44,0,1.97,clear sky
302,Guarapari,BR,2022-07-22 02:18:37,-20.6667,-40.4975,68.9,90,0,2.66,clear sky
303,Victoria Point,AU,2022-07-22 02:18:38,-27.5833,153.3,64.81,93,100,15.01,light rain
304,Green River,US,2022-07-22 02:13:53,41.5286,-109.4662,84.6,20,92,5.99,overcast clouds
305,Krasnoselkup,RU,2022-07-22 02:10:19,65.7,82.4667,48.42,94,100,2.59,moderate rain
306,Bogorodskoye,RU,2022-07-22 02:18:39,56.55,37.8833,52.39,95,7,6.4,clear sky
307,Guiyang,CN,2022-07-22 02:18:39,26.5833,106.7167,79.29,65,75,17.9,broken clouds
308,San Francisco,US,2022-07-22 02:18:39,37.7749,-122.4194,76.32,83,20,14.97,few clouds
309,Zhucheng,CN,2022-07-22 02:18:40,35.9947,119.3975,81.81,67,96,5.91,overcast clouds
310,Boralday,KZ,2022-07-22 02:18:40,43.3578,76.8594,82.26,28,0,0.0,clear sky
311,Comodoro Rivadavia,AR,2022-07-22 02:10:51,-45.8667,-67.5,31.86,51,0,9.22,clear sky
312,Salalah,OM,2022-07-22 02:12:36,17.0151,54.0924,75.29,94,100,5.75,overcast clouds
313,Lata,PT,2022-07-22 02:12:53,40.1629,-8.3327,57.51,95,42,0.96,scattered clouds
314,Davila,PH,2022-07-22 02:18:40,18.4726,120.5763,89.58,70,0,7.9,clear sky
315,Makakilo City,US,2022-07-22 02:12:40,21.3469,-158.0858,86.32,54,40,19.57,scattered clouds
316,Chipinge,ZW,2022-07-22 02:18:41,-20.1883,32.6236,52.18,95,58,3.89,broken clouds
317,Srivardhan,IN,2022-07-22 02:18:41,18.0333,73.0167,79.93,83,100,3.47,overcast clouds
318,Pithora,IN,2022-07-22 02:18:41,21.2667,82.5167,77.9,88,100,4.99,overcast clouds
319,Odlabari,IN,2022-07-22 02:18:42,26.8333,88.6167,79.23,89,100,2.8,light rain
320,Sao Joao Da Barra,BR,2022-07-22 02:12:34,-21.6403,-41.0511,69.66,87,0,6.93,clear sky
321,Acajutla,SV,2022-07-22 02:18:42,13.5928,-89.8275,79.72,85,100,5.73,light rain
322,Pevek,RU,2022-07-22 02:09:55,69.7008,170.3133,31.53,99,100,12.03,light snow
323,Chapais,CA,2022-07-22 02:18:42,49.7834,-74.8492,64.18,96,100,11.92,overcast clouds
324,Ekhabi,RU,2022-07-22 02:18:43,53.5102,142.9671,60.33,67,85,15.59,overcast clouds
325,Port-Gentil,GA,2022-07-22 02:11:45,-0.7193,8.7815,73.87,86,79,14.47,broken clouds
326,Elizabeth City,US,2022-07-22 02:10:29,36.2946,-76.2511,77.02,88,0,9.22,clear sky
327,Tambo Grande,PE,2022-07-22 02:18:43,-4.9269,-80.3447,71.49,59,10,7.85,clear sky
328,Madang,PG,2022-07-22 02:18:44,-5.2246,145.7966,84.43,65,7,4.43,clear sky
329,Puerto Escondido,MX,2022-07-22 02:12:21,15.85,-97.0667,81.54,83,87,2.39,overcast clouds
330,Hua Hin,TH,2022-07-22 02:18:44,12.5707,99.9588,86.02,66,20,5.75,few clouds
331,Tari,NG,2022-07-22 02:14:57,12.4086,4.4914,80.11,67,81,4.94,broken clouds
332,Santa Branca,BR,2022-07-22 02:18:45,-23.3967,-45.8839,57.85,89,9,1.54,clear sky
333,Paamiut,GL,2022-07-22 02:18:45,61.994,-49.6678,48.42,78,3,4.99,clear sky
334,Garmsar,IR,2022-07-22 02:10:45,35.2182,52.3409,88.56,22,0,6.4,clear sky
335,Aksarka,RU,2022-07-22 02:12:01,66.5606,67.7975,46.94,70,100,3.18,overcast clouds
336,Ibra,OM,2022-07-22 02:18:45,22.6906,58.5334,81.37,72,31,4.47,scattered clouds
337,Bang Saphan,TH,2022-07-22 02:18:46,11.2126,99.5117,77.77,87,100,2.75,overcast clouds
338,Guozhen,CN,2022-07-22 02:18:46,34.3659,107.359,65.8,94,100,3.44,light rain
339,Severo-Kurilsk,RU,2022-07-22 02:10:08,50.6789,156.125,53.19,95,100,22.15,moderate rain
340,Nizhniy Kuranakh,RU,2022-07-22 02:18:46,58.8353,125.4869,76.14,62,59,1.32,broken clouds
341,Launceston,AU,2022-07-22 02:18:47,-41.45,147.1667,59.61,65,40,8.05,scattered clouds
342,Ayan,RU,2022-07-22 02:14:24,56.45,138.1667,58.59,87,100,6.2,overcast clouds
343,Yertarskiy,RU,2022-07-22 02:18:47,56.7902,64.2995,57.74,92,12,5.01,few clouds
344,Souris,CA,2022-07-22 02:18:48,49.6172,-100.2612,68.74,77,50,6.71,scattered clouds
345,Nuuk,GL,2022-07-22 02:18:48,64.1835,-51.7216,54.21,71,75,4.61,broken clouds
346,Puerto Colombia,CO,2022-07-22 02:18:48,10.9878,-74.9547,82.49,83,99,12.88,overcast clouds
347,Bela,IN,2022-07-22 02:12:19,25.9333,81.9833,83.12,79,100,6.17,overcast clouds
348,Vernon,CA,2022-07-22 02:13:41,50.2581,-119.2691,90.23,28,96,4.16,overcast clouds
349,Norman Wells,CA,2022-07-22 02:13:36,65.282,-126.8329,74.19,50,78,7.49,broken clouds
350,Ambulu,ID,2022-07-22 02:18:49,-8.345,113.6058,80.13,70,100,5.21,overcast clouds
351,Fortuna,US,2022-07-22 02:10:33,40.5982,-124.1573,64.92,76,44,5.99,scattered clouds
352,La Union,PE,2022-07-22 02:18:49,-5.4,-80.75,65.64,70,40,13.44,scattered clouds
353,Cabo San Lucas,MX,2022-07-22 02:09:59,22.8909,-109.9124,94.3,48,0,4.61,clear sky
354,Preobrazheniye,RU,2022-07-22 02:10:32,42.9019,133.9064,65.07,93,100,9.26,overcast clouds
355,Cidreira,BR,2022-07-22 02:13:41,-30.1811,-50.2056,62.82,92,100,0.36,light rain
356,Asilah,MA,2022-07-22 02:18:50,35.465,-6.0348,80.56,79,60,7.43,broken clouds
357,Hasaki,JP,2022-07-22 02:07:51,35.7333,140.8333,86.29,82,15,18.68,light rain
358,Blankenberge,BE,2022-07-22 02:18:50,51.3131,3.1323,61.97,70,11,1.99,few clouds
359,Bubaque,GW,2022-07-22 02:11:41,11.2833,-15.8333,78.64,85,100,18.59,light rain
360,Palencia,ES,2022-07-22 02:18:51,42.4167,-4.5,64.8,91,83,10.94,broken clouds
361,Lavrentiya,RU,2022-07-22 02:09:39,65.5833,-171.0,40.62,79,100,17.18,overcast clouds
362,Dalvik,IS,2022-07-22 02:18:51,65.9702,-18.5286,48.13,86,99,2.48,overcast clouds
363,Kaeo,NZ,2022-07-22 02:11:25,-35.1,173.7833,58.95,65,83,6.53,broken clouds
364,Camana,PE,2022-07-22 02:18:51,-16.6228,-72.7111,59.72,85,95,3.87,overcast clouds
365,Zhezkazgan,KZ,2022-07-22 02:18:52,47.8043,67.7144,73.38,38,0,13.42,clear sky
366,Aklavik,CA,2022-07-22 02:10:04,68.2191,-135.0107,73.22,38,76,10.74,broken clouds
367,Sungaipenuh,ID,2022-07-22 02:18:52,-2.0833,101.3833,73.27,76,68,1.83,broken clouds
368,Telford,GB,2022-07-22 02:18:52,52.6766,-2.4493,60.66,72,75,4.61,broken clouds
369,Jiutai,CN,2022-07-22 02:18:53,44.1525,125.8328,82.74,69,2,10.67,clear sky
370,Esperantina,BR,2022-07-22 02:18:53,-3.9017,-42.2336,76.55,73,100,0.29,overcast clouds
371,Lev Tolstoy,RU,2022-07-22 02:18:54,53.2134,39.446,56.48,95,100,13.29,light rain
372,Shu,KZ,2022-07-22 02:18:54,43.5983,73.7614,85.51,13,0,7.61,clear sky
373,Fare,PF,2022-07-22 02:13:51,-16.7,-151.0167,76.87,73,2,9.53,light rain
374,Awbari,LY,2022-07-22 02:13:04,26.5921,12.7805,78.01,30,0,8.86,clear sky
375,Hay River,CA,2022-07-22 02:15:10,60.8156,-115.7999,62.58,59,32,9.22,scattered clouds
376,Teofilo Otoni,BR,2022-07-22 02:18:54,-17.8575,-41.5053,62.11,92,21,3.06,few clouds
377,Paranga,RU,2022-07-22 02:18:55,56.7039,49.4047,56.66,86,0,4.5,clear sky
378,Cavalcante,BR,2022-07-22 02:18:55,-13.7975,-47.4583,66.27,52,2,3.91,clear sky
379,Taltal,CL,2022-07-22 02:10:03,-25.4,-70.4833,58.26,87,12,3.74,few clouds
380,Mandalgovi,MN,2022-07-22 02:12:43,45.7625,106.2708,65.25,35,49,19.1,scattered clouds
381,Boyolangu,ID,2022-07-22 02:18:56,-8.1181,111.8935,78.26,78,98,10.29,overcast clouds
382,Sabha,LY,2022-07-22 02:18:56,27.0377,14.4283,77.63,33,0,9.44,clear sky
383,Dukat,RU,2022-07-22 02:18:56,62.55,155.55,58.69,41,3,10.4,clear sky
384,Jilin,CN,2022-07-22 02:18:57,43.0,126.0,76.64,73,47,6.53,scattered clouds
385,Benguela,AO,2022-07-22 02:12:37,-12.5763,13.4055,66.85,86,19,4.03,few clouds
386,High Level,CA,2022-07-22 02:13:45,58.5169,-117.136,53.91,99,100,4.43,light rain
387,Olafsvik,IS,2022-07-22 02:10:50,64.8945,-23.7142,52.03,88,100,5.35,overcast clouds
388,Vila Velha,BR,2022-07-22 02:10:30,-20.3297,-40.2925,69.75,93,40,0.0,scattered clouds
389,Semirom,IR,2022-07-22 02:18:57,31.4167,51.5667,63.88,47,8,2.01,clear sky
390,Fukue,JP,2022-07-22 02:11:10,32.6881,128.8419,78.71,72,2,11.83,clear sky
391,Lethem,GY,2022-07-22 02:10:51,3.3803,-59.7968,75.02,89,96,5.7,overcast clouds
392,Guymon,US,2022-07-22 02:18:58,36.6828,-101.4816,82.4,54,0,11.5,clear sky
393,Chiredzi,ZW,2022-07-22 02:18:59,-21.05,31.6667,60.13,75,75,2.86,broken clouds
394,Chalisgaon,IN,2022-07-22 02:18:59,20.4667,75.0167,76.68,81,100,7.63,overcast clouds
395,Iroquois Falls,CA,2022-07-22 02:18:59,48.7669,-80.6831,59.95,95,39,5.48,scattered clouds
396,Chara,RU,2022-07-22 02:15:04,56.9064,118.2631,69.4,73,100,1.54,light rain
397,Boueni,YT,2022-07-22 02:10:26,-12.9025,45.0761,75.18,73,2,16.13,clear sky
398,Englewood,US,2022-07-22 02:12:52,39.6478,-104.9878,88.65,28,40,5.75,scattered clouds
399,Biltine,TD,2022-07-22 02:19:00,14.5333,20.9167,80.02,66,100,4.72,overcast clouds
400,Axim,GH,2022-07-22 02:14:20,4.8699,-2.2405,73.18,77,58,6.76,broken clouds
401,Vuktyl,RU,2022-07-22 02:19:00,63.8567,57.3094,53.74,55,71,9.19,broken clouds
402,Llangefni,GB,2022-07-22 02:19:01,53.2556,-4.3106,61.11,88,75,6.91,broken clouds
403,Ankara,TR,2022-07-22 02:14:06,39.9199,32.8543,62.2,71,0,2.3,clear sky
404,Nago,JP,2022-07-22 02:19:02,26.5881,127.9761,90.03,76,14,12.37,few clouds
405,Waw,SS,2022-07-22 02:19:02,7.7029,27.9953,69.44,95,100,1.61,overcast clouds
406,Mahdalynivka,UA,2022-07-22 02:19:02,48.921,34.9156,55.62,98,32,8.21,scattered clouds
407,Probolinggo,ID,2022-07-22 02:19:03,-7.7543,113.2159,83.79,59,100,10.4,overcast clouds
408,Barcelona,ES,2022-07-22 02:17:44,41.3888,2.159,79.77,78,0,5.75,clear sky
409,Mugla,TR,2022-07-22 02:19:03,37.2303,28.3557,62.42,48,0,6.31,clear sky
410,Yar-Sale,RU,2022-07-22 02:19:04,66.8333,70.8333,43.27,92,100,13.22,light rain
411,Brae,GB,2022-07-22 02:08:04,60.3964,-1.353,49.82,87,91,8.57,overcast clouds
412,Lahij,YE,2022-07-22 02:10:12,13.1667,44.5833,82.08,58,70,5.82,broken clouds
413,Motygino,RU,2022-07-22 02:19:04,58.1831,94.7592,64.33,76,99,8.63,overcast clouds
414,Kyra,RU,2022-07-22 02:15:48,49.5776,111.9753,69.3,77,100,5.03,overcast clouds
415,Durant,US,2022-07-22 02:19:04,33.994,-96.3708,88.16,57,0,5.75,clear sky
416,Pemangkat,ID,2022-07-22 02:19:05,1.1667,108.9667,78.75,87,100,11.12,overcast clouds
417,Mbanza-Ngungu,CD,2022-07-22 02:19:05,-5.25,14.8667,64.58,85,74,7.99,broken clouds
418,Bonthe,SL,2022-07-22 02:13:57,7.5264,-12.505,76.55,80,99,10.42,overcast clouds
419,Mount Gambier,AU,2022-07-22 02:10:32,-37.8333,140.7667,55.11,70,100,12.15,light rain
420,Bilma,NE,2022-07-22 02:06:42,18.6853,12.9164,89.6,32,83,8.39,broken clouds
421,Esperance,AU,2022-07-22 02:09:50,-33.8667,121.9,57.67,76,38,19.53,scattered clouds
422,Gladstone,AU,2022-07-22 02:19:06,-23.85,151.25,60.73,67,75,11.5,broken clouds
423,Port Hedland,AU,2022-07-22 02:19:06,-20.3167,118.5667,80.65,54,1,9.22,clear sky
424,Talcahuano,CL,2022-07-22 02:19:07,-36.7167,-73.1167,49.68,100,100,5.75,overcast clouds
425,Shimoda,JP,2022-07-22 02:11:58,34.6667,138.95,89.1,78,7,12.41,clear sky
426,Rocha,UY,2022-07-22 02:11:58,-34.4833,-54.3333,46.99,94,100,3.18,overcast clouds
427,Eyl,SO,2022-07-22 02:12:42,7.9803,49.8164,76.1,71,71,18.88,broken clouds
428,Bagnara Calabra,IT,2022-07-22 02:19:07,38.2885,15.8078,79.9,56,0,1.32,clear sky
429,Shchelkun,RU,2022-07-22 02:19:08,56.3034,60.9483,58.57,81,43,5.5,scattered clouds
430,Ville-Marie,CA,2022-07-22 02:19:08,47.3335,-79.433,66.34,82,41,4.83,scattered clouds
431,Ambilobe,MG,2022-07-22 02:10:36,-13.2,49.05,64.02,73,1,4.9,clear sky
432,Hovd,MN,2022-07-22 02:08:21,48.0056,91.6419,69.12,33,20,3.31,few clouds
433,Pizarro,CO,2022-07-22 02:19:08,4.9533,-77.366,76.21,89,100,2.62,light rain
434,Osa,RU,2022-07-22 02:19:09,57.2829,55.4567,58.28,85,19,1.86,few clouds
435,El Campo,US,2022-07-22 02:19:09,29.1966,-96.2697,84.87,70,0,8.05,clear sky
436,Bibiani,GH,2022-07-22 02:19:10,6.4635,-2.3194,65.73,94,85,2.37,overcast clouds
437,Vizinga,RU,2022-07-22 02:12:55,61.0749,50.1031,61.83,79,19,4.81,few clouds
438,Pires Do Rio,BR,2022-07-22 02:19:10,-17.2997,-48.2794,63.16,57,99,4.5,overcast clouds
439,Eenhana,NA,2022-07-22 02:15:49,-17.4667,16.3333,54.18,39,0,6.87,clear sky
440,Senanga,ZM,2022-07-22 02:19:11,-16.1167,23.2667,53.35,68,9,4.41,clear sky
441,Monroe,US,2022-07-22 02:19:11,43.1501,-77.6831,78.03,76,40,9.22,scattered clouds
442,Kendari,ID,2022-07-22 02:19:11,-3.945,122.4989,79.86,83,91,5.5,overcast clouds
443,Kamina,CD,2022-07-22 02:19:12,-8.7386,24.9906,61.99,56,6,4.27,clear sky
444,Chapleau,CA,2022-07-22 02:15:31,47.8405,-83.4034,63.01,58,19,10.33,few clouds
445,Tadine,NC,2022-07-22 02:19:12,-21.55,167.8833,77.67,78,100,14.79,overcast clouds
446,Grindavik,IS,2022-07-22 02:09:57,63.8424,-22.4338,52.9,100,100,3.44,light intensity drizzle
447,San Vicente,AR,2022-07-22 02:19:13,-26.6167,-54.1333,61.54,91,100,3.22,overcast clouds
448,San Cristobal,VE,2022-07-22 02:10:44,7.7669,-72.225,73.58,98,99,2.91,overcast clouds
449,Hoquiam,US,2022-07-22 02:19:13,46.9809,-123.8893,63.95,82,100,10.36,overcast clouds
450,Durango,MX,2022-07-22 02:18:37,24.8333,-104.8333,73.87,41,90,6.02,overcast clouds
451,Isla Mujeres,MX,2022-07-22 02:19:14,21.2311,-86.731,82.45,79,26,10.67,scattered clouds
452,Palestine,PS,2022-07-22 02:19:14,31.9216,35.2033,67.95,85,1,4.56,clear sky
453,Papetoai,PF,2022-07-22 02:19:15,-17.4961,-149.8729,78.39,71,6,4.25,light rain
454,Ulaanbaatar,MN,2022-07-22 02:14:42,47.9077,106.8832,57.33,82,75,6.71,light rain
455,Coquimbo,CL,2022-07-22 02:11:11,-29.9533,-71.3436,55.13,87,100,2.3,overcast clouds
456,Tanete,ID,2022-07-22 02:19:15,-3.9443,119.7848,82.89,73,28,12.66,scattered clouds
457,Bilibino,RU,2022-07-22 02:12:44,68.0546,166.4372,48.22,60,100,13.49,overcast clouds
458,Marzuq,YE,2022-07-22 02:12:56,14.4,46.4667,73.56,67,25,8.43,scattered clouds
459,Antofagasta,CL,2022-07-22 02:19:16,-23.65,-70.4,58.28,87,53,4.88,broken clouds
460,Marica,BR,2022-07-22 02:19:16,-22.9194,-42.8186,72.48,89,1,9.64,clear sky
461,Palana,RU,2022-07-22 02:12:13,59.1167,159.9667,57.9,63,6,14.05,clear sky
462,Bandarbeyla,SO,2022-07-22 02:13:23,9.4942,50.8122,76.62,73,6,26.44,clear sky
463,Kortkeros,RU,2022-07-22 02:12:58,61.8106,51.5806,64.18,71,35,3.36,scattered clouds
464,San Luis,AR,2022-07-22 02:19:17,-33.295,-66.3356,53.42,39,0,9.13,clear sky
465,Taihe,CN,2022-07-22 02:19:17,30.8712,105.3845,68.99,86,100,9.98,moderate rain
466,Kieta,PG,2022-07-22 02:13:20,-6.2167,155.6333,85.06,61,27,5.44,scattered clouds
467,Srandakan,ID,2022-07-22 02:19:17,-7.9386,110.2506,79.95,71,99,13.87,overcast clouds
468,Broken Hill,AU,2022-07-22 02:12:36,-31.95,141.4333,59.2,57,98,15.68,overcast clouds
469,Huilong,CN,2022-07-22 02:15:07,31.8111,121.655,84.45,72,2,5.26,clear sky
470,Liwale,TZ,2022-07-22 02:19:18,-9.7667,37.9333,58.96,96,0,2.93,clear sky
471,Acapulco,MX,2022-07-22 02:05:51,16.8634,-99.8901,84.02,79,20,0.0,few clouds
472,Parabel,RU,2022-07-22 02:19:18,58.6978,81.4825,57.69,98,100,3.83,overcast clouds
473,Toyooka,JP,2022-07-22 02:19:19,35.5333,134.8333,77.05,88,75,5.75,broken clouds
474,Baglung,NP,2022-07-22 02:19:19,28.2719,83.5898,74.52,85,100,1.28,light rain
475,Bereda,ES,2022-07-22 02:15:26,43.2686,-7.5406,65.41,100,100,4.94,overcast clouds
476,Port Shepstone,ZA,2022-07-22 02:15:06,-30.7414,30.455,61.97,77,7,3.65,clear sky
477,Kosh-Agach,RU,2022-07-22 02:19:20,50.0,88.6667,51.91,77,100,2.3,moderate rain
478,Port Hardy,CA,2022-07-22 02:14:18,50.6996,-127.4199,60.39,76,7,12.62,clear sky
479,Aripuana,BR,2022-07-22 02:19:20,-9.1667,-60.6333,75.15,54,0,1.61,clear sky
480,Piranhas,BR,2022-07-22 02:19:21,-16.4269,-51.8222,70.11,41,8,4.03,clear sky
481,Jaque,PA,2022-07-22 02:19:21,7.5175,-78.1703,77.22,88,100,1.14,light rain
482,Sao Miguel Do Araguaia,BR,2022-07-22 02:19:21,-13.275,-50.1628,73.04,42,0,3.44,clear sky
483,Cochabamba,BO,2022-07-22 02:14:49,-17.3895,-66.1568,59.2,17,8,3.44,clear sky
484,Mehamn,NO,2022-07-22 02:14:51,71.0357,27.8492,55.31,94,100,24.16,light intensity drizzle
485,Fort Dodge,US,2022-07-22 02:15:19,42.4975,-94.168,75.02,73,0,0.0,clear sky
486,Gorom-Gorom,BF,2022-07-22 02:19:22,14.4439,-0.2361,83.66,57,97,4.54,light rain
487,Noumea,NC,2022-07-22 02:14:14,-22.2763,166.4572,84.18,99,100,4.72,overcast clouds
488,Calvia,ES,2022-07-22 02:19:22,39.5657,2.5062,78.08,69,0,1.07,clear sky
489,Camocim,BR,2022-07-22 02:13:53,-2.9022,-40.8411,76.35,82,48,8.12,scattered clouds
490,Kandrian,PG,2022-07-22 02:13:43,-6.2167,149.55,84.11,71,96,5.82,light rain
491,Warora,IN,2022-07-22 02:19:23,20.2333,79.0,78.71,85,100,9.15,overcast clouds
492,Aransas Pass,US,2022-07-22 02:19:23,27.9095,-97.15,86.02,83,0,11.5,clear sky
493,Tarakan,ID,2022-07-22 02:19:23,3.3,117.6333,81.9,83,40,3.44,scattered clouds
494,Van,TR,2022-07-22 02:19:24,38.4924,43.3831,69.15,26,0,8.05,clear sky
495,Verkhnyaya Sinyachikha,RU,2022-07-22 02:19:24,57.976,61.6673,56.93,93,69,5.75,broken clouds
496,Rio Gallegos,AR,2022-07-22 02:12:27,-51.6226,-69.2181,28.45,86,0,19.57,clear sky
497,Nansio,TZ,2022-07-22 02:19:25,-2.1333,33.05,69.78,61,87,22.64,overcast clouds
498,Daugavpils,LV,2022-07-22 02:19:25,55.8833,26.5333,57.38,74,3,1.74,clear sky
499,Togur,RU,2022-07-22 02:19:25,58.3631,82.8265,59.38,94,100,2.95,overcast clouds
500,Aksu,CN,2022-07-22 02:13:01,41.1231,80.2644,82.96,22,0,4.76,clear sky
501,Kidal,ML,2022-07-22 02:19:26,18.4411,1.4078,87.08,43,74,10.09,broken clouds
502,Tezu,IN,2022-07-22 02:15:35,27.9167,96.1667,76.53,98,100,1.12,overcast clouds
503,Tigil,RU,2022-07-22 02:19:26,57.8,158.6667,75.29,40,7,10.71,clear sky
504,Clyde River,CA,2022-07-22 02:12:12,70.4692,-68.5914,37.63,100,100,3.44,light rain
505,Talnakh,RU,2022-07-22 02:10:36,69.4865,88.3972,61.21,60,36,10.45,scattered clouds
506,Asyut,EG,2022-07-22 02:11:38,27.181,31.1837,79.38,39,3,10.54,clear sky
507,Posse,BR,2022-07-22 02:18:56,-14.0931,-46.3694,65.62,48,7,8.28,clear sky
508,Adrar,MR,2022-07-22 02:12:06,20.5022,-10.0711,86.83,43,29,15.59,light rain
509,Geraldton,AU,2022-07-22 02:10:14,-28.7667,114.6,59.41,82,100,9.22,overcast clouds
510,Priseaca,RO,2022-07-22 02:19:27,44.5167,24.45,71.67,36,0,9.35,clear sky
511,Arlit,NE,2022-07-22 02:15:24,18.7369,7.3853,92.62,17,37,9.33,scattered clouds
512,Ouargaye,BF,2022-07-22 02:19:28,11.5033,0.0572,78.73,66,79,4.38,broken clouds
513,Florianopolis,BR,2022-07-22 02:19:28,-27.6146,-48.5012,67.41,88,0,9.22,clear sky
514,Micheweni,TZ,2022-07-22 02:19:28,-4.9667,39.8333,74.35,75,4,13.87,clear sky
515,Camacupa,AO,2022-07-22 02:19:29,-12.0167,17.4833,57.4,41,68,4.65,broken clouds
516,Pedernales,DO,2022-07-22 02:19:29,18.0384,-71.744,82.38,72,14,7.38,few clouds
517,Cartagena Del Chaira,CO,2022-07-22 02:19:29,1.3349,-74.8429,68.68,94,100,1.36,overcast clouds
518,Draguignan,FR,2022-07-22 02:19:30,43.5333,6.4667,74.01,79,0,2.3,clear sky
519,Waingapu,ID,2022-07-22 02:19:30,-9.6567,120.2641,82.26,60,96,15.79,overcast clouds
520,Dunedin,NZ,2022-07-22 02:10:09,-45.8742,170.5036,47.8,72,100,5.99,overcast clouds
521,Iguape,BR,2022-07-22 02:17:38,-24.7081,-47.5553,64.65,95,31,3.98,scattered clouds
522,Shihezi,CN,2022-07-22 02:19:31,44.3,86.0333,86.77,17,0,2.19,clear sky
523,Gat,IL,2022-07-22 02:12:38,31.61,34.7642,76.41,100,0,0.67,clear sky
524,Kualakapuas,ID,2022-07-22 02:07:23,-3.0091,114.3876,85.23,68,98,4.59,overcast clouds
525,Touros,BR,2022-07-22 02:10:37,-5.1989,-35.4608,73.24,90,100,8.5,overcast clouds
526,Leningradskiy,RU,2022-07-22 02:10:15,69.3833,178.4167,36.1,99,100,5.41,overcast clouds
527,Oksovskiy,RU,2022-07-22 02:19:31,62.6062,39.8984,60.3,88,33,3.0,scattered clouds
528,Belyy Yar,RU,2022-07-22 02:19:32,53.6039,91.3903,66.09,72,0,6.71,clear sky
529,Sosnovskoye,RU,2022-07-22 02:19:32,55.8052,43.167,56.66,95,95,10.09,overcast clouds
530,Seoul,KR,2022-07-22 02:10:08,37.5683,126.9778,80.04,60,21,5.5,few clouds
531,Bathsheba,BB,2022-07-22 02:11:08,13.2167,-59.5167,83.01,89,40,18.41,scattered clouds
532,Mecca,SA,2022-07-22 02:14:33,21.4267,39.8261,83.14,59,6,3.67,clear sky
533,Haines Junction,CA,2022-07-22 02:09:42,60.7522,-137.5108,55.99,61,97,8.32,overcast clouds
534,Hami,CN,2022-07-22 02:11:27,42.8,93.45,82.06,20,0,0.76,clear sky
535,Ankang,CN,2022-07-22 02:19:33,32.68,109.0172,70.5,97,100,6.6,moderate rain
536,Namibe,AO,2022-07-22 02:11:33,-15.1961,12.1522,61.61,89,0,5.03,clear sky
537,Romitan,UZ,2022-07-22 02:19:33,39.9343,64.3814,76.95,41,0,6.91,clear sky
538,San Javier,ES,2022-07-22 02:19:33,37.8063,-0.8374,77.58,79,0,3.44,clear sky
539,Verkhovazhye,RU,2022-07-22 02:19:34,60.7472,42.0465,59.76,84,3,4.0,clear sky
540,Santiago Del Estero,AR,2022-07-22 02:10:39,-27.7951,-64.2615,66.43,77,18,7.11,few clouds
541,Pacifica,US,2022-07-22 02:19:34,37.6138,-122.4869,76.06,90,20,13.8,mist
542,Mareeba,AU,2022-07-22 02:10:09,-17.0,145.4333,76.48,69,6,2.21,clear sky
543,Saint-Leu,RE,2022-07-22 02:13:49,-21.15,55.2833,67.03,66,18,2.8,few clouds
544,San Patricio,US,2022-07-22 02:13:30,28.017,-97.5169,85.89,71,2,14.09,clear sky
545,Mangrol,IN,2022-07-22 02:19:35,21.1167,70.1167,81.27,83,100,15.05,overcast clouds
546,Male,MV,2022-07-22 02:19:35,4.1748,73.5089,84.15,74,75,17.27,broken clouds
547,Manta,EC,2022-07-22 02:14:33,-0.95,-80.7333,71.38,83,40,6.91,scattered clouds
548,Liverpool,GB,2022-07-22 02:17:25,53.4106,-2.9779,63.14,79,20,3.44,few clouds
549,Terrasini,IT,2022-07-22 02:19:36,38.146,13.0844,81.61,65,0,2.3,clear sky
550,Yatou,CN,2022-07-22 02:10:41,37.15,122.3833,80.08,68,4,9.55,clear sky
551,Ngunguru,NZ,2022-07-22 02:12:38,-35.6167,174.5,55.26,74,40,8.81,scattered clouds
552,Santa Lucia,ES,2022-07-22 02:11:35,27.9117,-15.5407,63.72,83,20,31.07,few clouds
553,Grand Gaube,MU,2022-07-22 02:12:31,-20.0064,57.6608,70.38,71,47,8.01,scattered clouds
554,Lixourion,GR,2022-07-22 02:19:37,38.2019,20.4314,75.87,69,0,4.88,clear sky
555,Maumere,ID,2022-07-22 02:19:37,-8.6199,122.2111,81.41,69,96,6.35,overcast clouds
556,Kalmunai,LK,2022-07-22 02:09:57,7.4167,81.8167,80.13,81,84,5.64,broken clouds
557,Talakan,RU,2022-07-22 02:19:38,50.3167,130.3667,70.39,78,97,2.01,overcast clouds
558,Bintulu,MY,2022-07-22 02:19:38,3.1667,113.0333,82.81,83,40,3.44,scattered clouds
559,Trofors,NO,2022-07-22 02:19:38,65.5333,13.4063,53.47,89,100,4.79,overcast clouds
560,Port Lincoln,AU,2022-07-22 02:09:41,-34.7333,135.8667,58.33,62,100,19.35,overcast clouds
561,Sangueya,GN,2022-07-22 02:19:39,10.7,-14.3667,74.71,95,100,5.08,moderate rain
562,Iquitos,PE,2022-07-22 02:19:39,-3.7481,-73.2472,73.44,100,75,2.3,broken clouds
563,Kirkuk,IQ,2022-07-22 02:19:39,35.4681,44.3922,86.25,24,0,6.26,clear sky
564,Constitucion,CL,2022-07-22 02:10:46,-35.3333,-72.4167,51.71,86,8,7.72,clear sky
565,Priladozhskiy,RU,2022-07-22 02:19:40,59.85,31.4833,55.53,10,6,5.7,clear sky
566,Fiche,ET,2022-07-22 02:19:40,9.8,38.7333,50.2,83,33,1.54,light rain
567,San Ciro De Acosta,MX,2022-07-22 02:19:40,21.6333,-99.8167,75.79,57,2,11.23,clear sky
568,Saint-Pierre,RE,2022-07-22 02:10:34,-21.3393,55.4781,65.88,65,0,5.75,clear sky
569,Pingliang,CN,2022-07-22 02:19:41,35.5392,106.6861,66.97,60,100,7.63,overcast clouds
570,Sao Pedro Do Sul,BR,2022-07-22 02:19:41,-29.6206,-54.1789,65.8,90,100,4.54,overcast clouds
571,Amol,IR,2022-07-22 02:19:41,36.4696,52.3507,77.72,87,77,4.27,broken clouds
572,Zhigansk,RU,2022-07-22 02:16:09,66.7697,123.3711,59.86,89,100,18.52,overcast clouds
573,Traverse City,US,2022-07-22 02:18:21,44.7631,-85.6206,72.0,75,8,8.19,clear sky
574,Nadym,RU,2022-07-22 02:12:08,65.5333,72.5167,47.43,73,100,10.27,overcast clouds
575,San Miguel,SV,2022-07-22 02:19:42,13.4833,-88.1833,76.66,100,75,2.3,broken clouds
576,Magdagachi,RU,2022-07-22 02:19:42,53.45,125.8,78.57,46,13,4.92,few clouds
577,Brownsville,US,2022-07-22 02:19:43,25.9018,-97.4975,85.08,77,0,10.36,clear sky
578,Anloga,GH,2022-07-22 02:19:43,5.7947,0.8973,74.8,79,10,11.5,clear sky
579,Tres Arroyos,AR,2022-07-22 02:19:43,-38.3739,-60.2798,44.94,30,84,5.79,broken clouds
580,Santa Cruz Del Norte,CU,2022-07-22 02:19:44,23.1539,-81.9236,81.03,80,50,11.68,scattered clouds
581,Cabo Rojo,PR,2022-07-22 02:19:44,18.0866,-67.1457,82.67,87,99,7.49,overcast clouds
582,Erenhot,CN,2022-07-22 02:09:17,43.6475,111.9767,64.38,67,100,19.71,moderate rain
583,Mantenopolis,BR,2022-07-22 02:19:44,-18.8625,-41.1228,65.37,90,90,3.69,overcast clouds
584,Gazli,UZ,2022-07-22 02:09:52,40.1333,63.45,91.51,14,0,12.08,clear sky
585,Pafos,CY,2022-07-22 02:19:45,34.7667,32.4167,73.18,53,0,5.75,clear sky
586,Lokosovo,RU,2022-07-22 02:19:45,61.1333,74.8167,58.73,65,6,8.88,clear sky
587,Olinda,BR,2022-07-22 02:19:46,-8.0089,-34.8553,73.13,88,40,4.61,scattered clouds
588,Kutum,SD,2022-07-22 02:12:14,14.2,24.6667,74.91,56,93,4.07,overcast clouds
589,Mikkeli,FI,2022-07-22 02:19:46,61.6886,27.2723,61.14,94,0,2.3,clear sky
590,Garowe,SO,2022-07-22 02:19:46,8.4054,48.4845,73.54,62,97,21.63,overcast clouds
591,Kaseda,JP,2022-07-22 02:19:47,31.4167,130.3167,80.92,74,10,12.06,clear sky
592,Raudeberg,NO,2022-07-22 02:12:33,61.9875,5.1352,52.47,77,100,12.21,overcast clouds
593,Orsha,BY,2022-07-22 02:19:47,54.5153,30.4053,53.06,93,10,6.8,clear sky
594,Savonlinna,FI,2022-07-22 02:19:47,61.8699,28.88,57.25,100,76,3.44,mist
595,Poli,TZ,2022-07-22 02:19:48,-3.3333,36.8,51.62,95,79,4.52,broken clouds
596,Alexandria,EG,2022-07-22 02:18:04,31.2156,29.9553,77.04,71,0,13.31,clear sky
597,Capreol,CA,2022-07-22 02:19:48,46.706,-80.9225,70.56,60,20,8.05,few clouds
598,Kantang,TH,2022-07-22 02:19:48,7.4054,99.5156,86.99,99,40,3.44,scattered clouds
599,Palu,ID,2022-07-22 02:19:49,-0.8917,119.8707,87.31,66,47,1.1,scattered clouds
600,Lingao,CN,2022-07-22 02:19:49,19.9103,109.6859,85.51,68,1,6.6,clear sky
601,Dan Khun Thot,TH,2022-07-22 02:19:49,15.2085,101.7714,76.82,85,100,4.07,overcast clouds
602,Alto Araguaia,BR,2022-07-22 02:19:50,-17.3147,-53.2153,66.85,41,95,3.6,overcast clouds
603,Seoni,IN,2022-07-22 02:19:50,22.0833,79.5333,73.47,95,100,6.44,overcast clouds
604,Ukiah,US,2022-07-22 02:16:12,39.1502,-123.2078,92.44,25,0,9.22,clear sky
605,Homer,US,2022-07-22 02:11:59,59.6425,-151.5483,57.07,84,100,15.99,overcast clouds
606,Verkhnyaya Inta,RU,2022-07-22 02:19:51,65.9811,60.3094,46.63,70,15,8.68,few clouds
607,Tambacounda,SN,2022-07-22 02:19:51,13.7539,-13.7586,75.69,94,100,9.1,light rain
608,Mogadishu,SO,2022-07-22 02:14:10,2.0371,45.3438,75.4,86,40,18.92,light rain
609,Ihosy,MG,2022-07-22 02:19:51,-22.4,46.1167,55.04,89,83,6.46,broken clouds
610,Amga,RU,2022-07-22 02:12:17,60.8953,131.9608,79.68,54,61,2.42,broken clouds
611,Bud,US,2022-07-22 02:19:52,39.447,-86.1758,80.58,77,0,7.25,clear sky
612,Mayumba,GA,2022-07-22 02:19:52,-3.432,10.6554,70.47,91,91,7.25,overcast clouds
613,Luanda,AO,2022-07-22 02:12:18,-8.8368,13.2343,67.26,82,95,6.76,overcast clouds
614,Alofi,NU,2022-07-22 02:14:50,-19.0595,-169.9187,80.49,65,75,8.05,broken clouds
615,Auki,SB,2022-07-22 02:15:01,-8.7676,160.7034,86.97,61,62,3.42,broken clouds
616,Nova Olimpia,BR,2022-07-22 02:19:53,-14.7972,-57.2881,74.08,38,16,3.78,few clouds
617,Adeje,ES,2022-07-22 02:19:53,28.1227,-16.726,88.11,43,0,13.8,clear sky
618,Loiza,PR,2022-07-22 02:19:53,18.4313,-65.8802,80.67,94,40,4.61,scattered clouds
619,Naftalan,AZ,2022-07-22 02:19:54,40.5067,46.825,76.42,61,0,3.65,clear sky
620,Prabumulih,ID,2022-07-22 02:19:54,-3.45,104.25,81.59,72,100,4.81,overcast clouds
621,Totoral,PE,2022-07-22 02:19:54,-17.4053,-70.365,59.04,48,0,1.61,clear sky
622,Griffith,US,2022-07-22 02:19:55,41.5284,-87.4237,84.88,62,0,13.8,clear sky
623,San Angelo,US,2022-07-22 02:16:51,31.4638,-100.437,93.54,38,0,11.5,clear sky
624,Alyangula,AU,2022-07-22 02:13:04,-13.8483,136.4192,74.89,47,11,13.0,few clouds
625,Manaure,CO,2022-07-22 02:19:55,11.7751,-72.4445,82.11,74,6,17.58,clear sky
626,Kahului,US,2022-07-22 02:11:08,20.8947,-156.47,87.82,62,40,24.16,scattered clouds
627,Timra,SE,2022-07-22 02:19:56,62.487,17.3257,60.48,63,100,11.5,overcast clouds
628,Karasburg,NA,2022-07-22 02:19:56,-28.0167,18.75,57.15,37,0,11.79,clear sky
629,Baiyin,CN,2022-07-22 02:19:57,36.5583,104.2081,62.92,57,0,8.01,clear sky
630,Bihariganj,IN,2022-07-22 02:19:57,25.7333,86.9833,85.03,76,94,14.25,overcast clouds
631,Chumikan,RU,2022-07-22 02:13:47,54.7183,135.315,57.65,86,98,6.4,overcast clouds
632,Zhangye,CN,2022-07-22 02:19:57,38.9342,100.4517,72.37,27,0,7.27,clear sky
633,Dixon,US,2022-07-22 02:19:58,38.4455,-121.8233,98.02,26,0,12.66,clear sky
634,Agua Verde,MX,2022-07-22 02:19:58,22.9,-106.05,82.49,78,99,3.78,overcast clouds
635,Saint Anthony,US,2022-07-22 02:13:54,45.0205,-93.218,80.53,46,0,8.05,clear sky
636,Kloulklubed,PW,2022-07-22 02:13:21,7.0419,134.2556,82.9,73,74,4.23,broken clouds
637,Jalu,LY,2022-07-22 02:10:27,29.0331,21.5482,74.91,37,0,9.08,clear sky
638,Miyako,JP,2022-07-22 02:19:59,39.6367,141.9525,71.01,98,100,4.05,overcast clouds
639,Rawah,IQ,2022-07-22 02:19:59,34.4816,41.9093,82.58,38,0,8.3,clear sky
640,Klyuchi,RU,2022-07-22 02:19:59,52.2667,79.1667,72.03,48,58,13.71,broken clouds
641,Banjar,ID,2022-07-22 02:12:17,-8.19,114.9675,82.81,66,100,3.33,overcast clouds
642,Kuopio,FI,2022-07-22 02:20:00,62.8924,27.677,64.35,77,100,6.91,overcast clouds
643,Mezhdurechenskiy,RU,2022-07-22 02:20:00,59.6,65.9333,58.19,63,64,4.99,broken clouds
644,Puerto Palomas,MX,2022-07-22 02:20:00,31.7667,-107.6167,87.39,30,100,17.69,overcast clouds
645,Matehuala,MX,2022-07-22 02:20:01,23.65,-100.65,68.92,58,100,5.93,overcast clouds
646,Mount Isa,AU,2022-07-22 02:12:00,-20.7333,139.5,64.17,24,0,8.05,clear sky
647,Pierre,US,2022-07-22 02:20:01,44.3683,-100.351,87.85,38,0,11.5,clear sky
648,Labytnangi,RU,2022-07-22 02:20:01,66.6572,66.4183,48.85,64,100,6.4,overcast clouds
649,Mawana,IN,2022-07-22 02:17:51,29.1,77.9167,83.07,73,100,10.13,overcast clouds
650,Lazaro Cardenas,MX,2022-07-22 02:20:02,17.9583,-102.2,82.35,81,89,3.4,overcast clouds
651,Nadvoitsy,RU,2022-07-22 02:20:02,63.8667,34.3167,63.84,72,100,4.83,overcast clouds
652,Moose Factory,CA,2022-07-22 02:20:03,51.2585,-80.6094,59.0,94,100,6.91,overcast clouds
653,Acarau,BR,2022-07-22 02:13:42,-2.8856,-40.12,77.16,79,80,12.35,broken clouds
654,Livingstone,ZM,2022-07-22 02:20:03,-17.8419,25.8543,54.57,75,17,4.68,few clouds
655,Nalut,LY,2022-07-22 02:15:43,30.3333,10.85,77.4,31,0,9.78,clear sky
656,Rocky Mountain House,CA,2022-07-22 02:20:04,52.3668,-114.9188,68.18,79,52,5.88,broken clouds
657,Agadez,NE,2022-07-22 02:12:29,19.75,10.25,85.87,20,100,1.05,overcast clouds
658,San Juan,AR,2022-07-22 02:13:23,-31.5375,-68.5364,52.92,35,0,2.24,clear sky
659,Tual,ID,2022-07-22 02:10:42,-5.6667,132.75,78.75,70,55,18.63,broken clouds
660,Rovaniemi,FI,2022-07-22 02:20:04,66.5,25.7167,62.01,88,0,3.44,clear sky
661,Dongsheng,CN,2022-07-22 02:20:05,39.8161,109.9776,62.49,51,100,8.19,light rain
662,Copiapo,CL,2022-07-22 02:18:06,-27.3667,-70.3333,51.49,82,0,1.97,clear sky
663,Kawambwa,ZM,2022-07-22 02:20:05,-9.7915,29.0791,59.07,56,7,8.37,clear sky
664,Serdobsk,RU,2022-07-22 02:20:05,52.4586,44.2169,54.01,94,100,6.15,overcast clouds
665,Egvekinot,RU,2022-07-22 02:12:06,66.3167,-179.1667,47.64,49,94,9.55,overcast clouds
666,San Miguel El Alto,MX,2022-07-22 02:20:06,21.0167,-102.35,69.98,37,60,5.84,broken clouds
667,Jiwani,PK,2022-07-22 02:10:24,25.05,61.7417,82.83,83,100,7.94,overcast clouds
668,Kyshtovka,RU,2022-07-22 02:20:06,56.555,76.6271,58.86,96,96,10.65,overcast clouds
669,Pundaguitan,PH,2022-07-22 02:20:07,6.3711,126.1689,82.17,72,79,3.29,broken clouds
670,Lieksa,FI,2022-07-22 02:20:07,63.3167,30.0167,61.81,80,91,7.36,overcast clouds
671,Takaka,NZ,2022-07-22 02:20:07,-40.85,172.8,55.56,62,100,5.39,overcast clouds
672,Marsala,IT,2022-07-22 02:20:07,37.7966,12.4352,75.88,78,0,1.14,clear sky
673,Nizwa,OM,2022-07-22 02:11:24,22.9333,57.5333,83.05,76,94,3.29,overcast clouds
674,Nador,MA,2022-07-22 02:20:08,35.174,-2.9287,77.25,88,40,4.61,scattered clouds
675,Obera,AR,2022-07-22 02:17:57,-27.4871,-55.1199,63.45,78,100,2.75,overcast clouds
676,Swidnica,PL,2022-07-22 02:20:08,50.8438,16.4886,68.41,64,95,5.57,light rain
677,Ginda,IN,2022-07-22 02:20:09,30.6945,78.4932,69.69,80,98,1.12,overcast clouds
678,Sawtell,AU,2022-07-22 02:20:09,-30.3833,153.1,66.22,63,75,17.27,broken clouds
679,Krasnogvardeyskiy,RU,2022-07-22 02:20:09,57.3793,62.3195,56.91,92,15,4.88,few clouds
680,Canutama,BR,2022-07-22 02:12:42,-6.5339,-64.3831,80.58,57,100,2.26,overcast clouds
681,Gamba,GA,2022-07-22 02:12:10,-2.65,10.0,70.52,92,87,6.46,overcast clouds
682,Kuching,MY,2022-07-22 02:20:10,1.55,110.3333,77.22,94,40,3.44,moderate rain
683,Sitka,US,2022-07-22 02:11:57,57.0531,-135.33,57.09,77,100,0.0,overcast clouds
684,Lakes Entrance,AU,2022-07-22 02:20:10,-37.8811,147.981,57.16,60,0,8.7,clear sky
685,Chifeng,CN,2022-07-22 02:13:27,42.2683,118.9636,80.1,52,85,3.22,overcast clouds
686,Belo Oriente,BR,2022-07-22 02:20:11,-19.22,-42.4836,58.75,68,90,1.39,overcast clouds
687,Dangriga,BZ,2022-07-22 02:20:11,16.9692,-88.2321,80.73,83,16,11.07,few clouds
